key,fr,en
LANGNAME,Fran√ßais,English
Accueil,Accueil,Home
Besoin_Co,Veuillez vous connecter pour voir les recommandations.,Please log in to see recommendations.
Reco,Recommandations pour vous,Recommendations for you
Reco_Ing,üçΩÔ∏è Avec des ingr√©dients similaires √† vos recettes lik√©es,üçΩÔ∏è With ingredients similar to your liked recipes
No_Reco_Ing,Aucune recette avec des ingr√©dients similaires √† celles que vous avez lik√©es.,No recipes with ingredients similar to the ones you liked.
Reco_User,üë©‚Äçüç≥ Par des utilisateurs que vous aimez,üë©‚Äçüç≥ By user you liked
No_Reco_User,Aucune recette par des utilisateurs que vous aimez.,No recipes by users you liked.
Reco_Trending,üî• Recettes tendance,üî• Trending recipes
No_Reco_Trending,Aucune recette tendance.,No trending recipes.
Like_Reco,Recettes que vous avez lik√©es,Recipes you liked
No_Like_Reco,Aucune recette que vous avez lik√©e.,No recipes you liked.
R√©glages,R√©glages,Settings
Ajouter_Recette,Ajouter une recette,Add a recipe
Titre_manquant, Titre ou utilisateur manquant.,Missing title or user.
Ajout_Succes,Recette ajout√©e avec succ√®s !,Recipe added successfully!
Ajout,Ajouter une recette,Add a recipe
Nom_Cocktail,Nom du cocktail,Name of the cocktail
Icone_Cocktail,Icone du cocktail,Icon of the cocktail
Photo_Principale,Photo principale,Main photo
Description,Description / Histoire (optionnelle), Description / Story (optional)
Ingr√©dients,Ingr√©dients,Ingredients
Ajout_Ingr√©dients,Ajouter un ingr√©dient,Add an ingredient
Nom,Nom,Name
Quantit√©,Quantit√©,Quantity
Unit√©,Unit√©,Unit
Description,Description,Description
Cover,Couverture,Cover
Etapes,√âtapes de pr√©paration,Preparation steps
Ajout_Etapes,Ajouter une √©tape,Add a step
Variantes,Variantes / Conseils (optionnel),Variants / Tips (optional)
Ajout_Recette,Ajouter la recette,Add the recipe
Texte_Etape,Texte de l'√©tape,Step text
Erreur_token_csrf,Token CSRF invalide.,Invalid CSRF token.
Erreur_trop_tentatives,Trop de tentatives,Too many attempts
Erreur_Identifiant,Identifiant ou mot de passe incorrect.,Incorrect identifier or password.
Connexion,Connexion,Login
Inscription,Inscription,Sign up
Nom_Utilisateur,Nom d'utilisateur,Username
Email, Addresse e-mail,Email address
MDP, Mot de passe,Password
Souvenir_MDP,Se souvenir de moi,Remember me
Valider,Valider,Confirm
Recette_manquante,Recette manquante.,Missing recipe.
Recette_non_trouv√©e,Recette non trouv√©e.,Recipe not found.
Like,J'aime,Like
Dislike,Je n'aime plus,Dislike
Ajout_todo,Ajouter √† ma liste '√† faire',Add to my todo list
Retirer_todo,Retirer de ma liste '√† faire',Remove from my todo list
Todo,√Ä faire,To do
Voir_Createur,Voir le cr√©ateur,See creator
Preparation,Pr√©paration,Preparation
Variantes_c,Variantes & conseils,Variants and tips
Recherche,Chercher une recette,Search for a recipe
Chercher,Rechercher un cocktail,Search for a cocktail
Mot_Cle,Mot cl√©,Keyword
Filtre_Ingr√©dients,Filtrer par ingr√©dient,Filter by ingredient
Filtre_User,Filtrer par utilisateur,Filter by user
Plus_recent,Plus r√©cent,Most recent
Plus_ancien,Plus ancien,Oldest
AZ,A-Z,A-Z
Pertinance,Pertinence,Relevance
Plus_aimes,Plus aim√©s,Most liked
Rechercher,Rechercher,Search
Random,J'ai de la chance,I'm feeling lucky
Pas_Recette,Pas de recette trouv√©e avec ces crit√®res.,No recipe found with these criteria.
Pas_Resultat,Pas de r√©sultat trouv√©.,No result found.
Par,Par,By
Tout_R√©glages,Tout les r√©glages,All settings
Langue,Langue,Language
Theme,Th√®me,Theme
Theme_Clair,Th√®me clair,Light theme
Theme_Sombre,Th√®me sombre,Dark theme
Deconnexion,D√©connexion,Logout
Se_Deconnecter,Se d√©connecter,Log out
Suppr_Compte,Supprimer mon compte,Delete my account
Confirmer_Suppr_Compte,√ätes-vous s√ªr de vouloir supprimer votre compte ?,Are you sure you want to delete your account?
Confirmer_Suppr_Compte_2, Cette action est irr√©versible., This action is irreversible.
Pas_Todo,Pas de recette √† faire.,No recipe to do.
Pas_Todo_Trouv√©,Pas de recette trouv√©e.,No recipe found.
Ma_Todo,Mes recettes √† faire,My todo recipes
Chargement,Chargement en cours...,Loading...
Liste_Vide,Liste vide,Empty list
Profil,Profil utilisateur,Profile
No_User_Found,Aucun utilisateur trouv√©.,No user found.
User_Recette,Recettes de l'utilisateur,User recipes
Texte_Footer,¬© {year} Open Database of Cocktails.,¬© {year} Open Database of Cocktails.
Supprimer,Supprimer,Delete
Confirmer_suppression,√ätes-vous s√ªr de vouloir supprimer ?,Are you sure you want to delete?
Voir_Recette,Voir la recette,See the recipe
Cherche_User,Rechercher un utilisateur,Search for a user